age_group,segment,category,pairs,women_dearer_pct,men_dearer_pct,within_2pct_pct,geo_mean_premium_pct,ci_low_pct,ci_high_pct,median_premium_pct,p_wilcoxon,p_sign_test
Adult,Accessories,Wallets,8,75.0,12.5,12.5,32.865701126746295,14.409395835757444,51.80208027471098,43.14450348871692,,0.125
Kids,Apparel,Night Suits,10,50.0,20.0,30.0,4.471257181861121,-3.056435530995094,12.96755032283925,2.1678820077610794,,0.453125
Adult,Personal Care,Perfume,140,33.57142857142857,39.285714285714285,27.142857142857142,1.828234353612146,-3.811490031510134,8.505644824544213,0.0,0.6901037428976529,0.48843446453263256
Kids,Apparel,Clothing Sets,17,17.647058823529413,47.05882352941176,35.294117647058826,-0.45883286203353135,-11.66319268138456,13.915577941265633,0.0,0.4235963177660037,0.2265625
Kids,Apparel,Jeans,11,36.36363636363637,45.45454545454545,18.181818181818183,-1.7435603471456007,-8.057006257711919,5.216961899997163,0.0,0.65234375,1.0
Adult,Footwear,Sports Shoes,42,38.095238095238095,52.38095238095239,9.523809523809524,-2.113708537812642,-11.664380127193564,9.022052145192783,-5.779257336411581,0.3881942402823897,0.417692190836533
Adult,Personal Care,Deodorant,45,33.33333333333333,26.666666666666668,40.0,-3.1162902037942697,-14.928185388483929,7.762261587406694,0.0,0.8853820274047068,0.7011080384254456
Adult,Apparel,Kurtas,12,8.333333333333332,58.333333333333336,33.33333333333333,-4.544322137021506,-16.949003047658795,13.869060324607329,-4.2291312752577355,0.12890625,0.0703125
Adult,Apparel,Sweatshirts,18,33.33333333333333,61.111111111111114,5.555555555555555,-5.337491997265875,-13.373389469607233,4.296153125040703,-6.3776706866570665,0.24613691576742636,0.332305908203125
Kids,Apparel,Track Pants,10,40.0,40.0,20.0,-5.925357294654033,-22.147607309088034,12.26305000361303,0.0,,1.0
Adult,Apparel,Lounge Pants,9,33.33333333333333,55.55555555555556,11.11111111111111,-6.140138730548572,-17.304572380009564,9.121945084108951,-11.402027027027028,,0.7265625
Kids,Apparel,T-Shirts,26,26.923076923076923,53.84615384615385,19.230769230769234,-6.152368409376486,-14.97301016344743,4.4232261598146305,-7.194968285665226,0.16974275645320958,0.18924713134765625
Adult,Accessories,Watches,33,24.242424242424242,54.54545454545454,21.21212121212121,-6.238693806966944,-11.219751000465417,-1.070610991952048,-3.100775193798455,0.03249849345412466,0.07551869750022888
Adult,Apparel,Jackets,35,22.857142857142858,62.857142857142854,14.285714285714285,-6.581050051086191,-13.927798428706451,2.735172270963293,-10.002000400080014,0.016690105726464014,0.016124801710247997
Adult,Apparel,Jeans,41,21.951219512195124,56.09756097560976,21.951219512195124,-6.969126925870073,-11.669222982969318,-2.495006832798341,-3.8476337052712584,0.009339236301879888,0.020061607006937265
Kids,Apparel,Shorts,20,35.0,50.0,15.0,-7.093325660074412,-18.52486889613355,6.772780740761597,-2.5346240991217517,0.20967491728457333,0.629058837890625
Adult,Apparel,T-Shirts,88,21.59090909090909,62.5,15.909090909090908,-7.230412130117269,-12.075796571987208,-2.1573976564670194,-7.0640147109849565,0.0009837594120440858,3.376813810738312e-05
Adult,Apparel,Innerwear (Briefs),9,22.22222222222222,55.55555555555556,22.22222222222222,-9.324258498446836,-28.16913185737384,17.600387238761385,-6.68449197860963,,0.453125
Adult,Footwear,Casual Shoes,45,22.22222222222222,62.22222222222222,15.555555555555555,-9.388526338043901,-17.26515169739059,-0.38086129375527467,-8.340283569641372,0.01576916981104976,0.0050976432976312935
Adult,Apparel,Track Pants,42,21.428571428571427,69.04761904761905,9.523809523809524,-9.670432268466788,-14.003592621647943,-5.512085466499517,-9.312641598353434,0.00015872583689405272,0.0016580525261815637
Adult,Footwear,Flip-Flops,39,30.76923076923077,56.41025641025641,12.82051282051282,-10.869397503780432,-19.59693312350118,-1.6099175844412228,-9.107468123861562,0.015554638924597712,0.12144948495551944
Adult,Apparel,Shorts,35,20.0,71.42857142857143,8.571428571428571,-11.91692244736766,-17.456298507894253,-5.746816826250756,-14.714537963507945,0.0029477819936724464,0.0021024015732109547
Kids,Footwear,Casual Shoes,11,18.181818181818183,72.72727272727273,9.090909090909092,-12.292861633884378,-20.69747598728835,-2.244831919539858,-11.778563015312127,0.048828125,0.109375
Adult,Apparel,Shirts,28,14.285714285714285,82.14285714285714,3.571428571428571,-13.89323947148764,-18.434983269116856,-9.313192849837094,-11.771630370806353,3.9785891604325174e-05,0.000310748815536499
Adult,Apparel,Trousers,27,11.11111111111111,66.66666666666666,22.22222222222222,-16.857606231635536,-24.573599171977467,-9.24230365733657,-14.289797084881394,0.00042708576720521023,0.0014896392822265625
Adult,Accessories,Belts,8,0.0,100.0,0.0,-35.399185866912916,-39.21506417077206,-29.84622450934117,-37.59762716903951,,0.0078125
