source,age_group,segment,category,n_men,n_women,median_men,median_women,mean_men,mean_women,premium_median_pct,premium_mean_pct,ci_low_pct,ci_high_pct,mannwhitney_U,p_mannwhitney,welch_t_log,p_welch_log,cohens_d_log,p_adj_bh,significant,direction
Myntra,Kids,Apparel,Night Suits,122,174,899.0,1599.0,1178.155737704918,1663.5344827586207,77.8642936596218,41.19818199920111,36.69724770642202,94.54949944382646,14536.0,6.067278164644742e-08,5.826469916826963,1.5707303736331965e-08,0.6751038948731263,1.779734928295791e-07,True,Women pay more
Myntra,Adult,Apparel,Innerwear (Briefs),408,488,496.5,662.0,670.6715686274509,767.625,33.33333333333333,14.456171382211291,24.130879345603272,45.099689082576354,122396.0,3.1238599826264688e-09,5.289873134971394,1.577021019725901e-07,0.3595836832967507,1.1454153269630387e-08,True,Women pay more
Amazon.in,Adult,Personal Care,Face Wash,95,31,360.0,450.0,507.63157894736844,524.1290322580645,25.0,3.2498871218582304,0.0,42.97994269340975,1768.5,0.09392704837925302,1.4118054128425575,0.16232224430033468,0.24622444997210777,0.1291496915214729,False,No significant gap
Myntra,Adult,Personal Care,Perfume,327,178,1499.0,1798.0,2452.119266055046,2937.432584269663,19.946631087391587,19.79158701344026,-3.5693215339233086,55.56378436082194,31388.0,0.1447379003234471,1.3920785516955185,0.16481653685807418,0.13311682378556,0.1873078710068139,False,No significant gap
Myntra,Kids,Footwear,Casual Shoes,121,119,1099.0,1299.0,1434.685950413223,1594.81512605042,18.198362147406733,11.161270213253015,-9.099181073703367,54.5950864422202,8042.5,0.1160909994613274,1.586866920950115,0.11387055196021334,0.20485749170485545,0.15478799928176987,False,No significant gap
Amazon.in,Adult,Personal Care,Body Wash,97,28,449.0,499.0,467.2161855670103,578.5714285714286,11.1358574610245,23.833772554193146,-0.2661949633910199,41.716244760372454,1712.0,0.036077732802840996,2.1922082691971423,0.03398387987646192,0.48634962704246143,0.05879334234537051,False,No significant gap
Myntra,Kids,Apparel,Clothing Sets,216,291,1349.0,1499.0,1395.337962962963,1642.4536082474226,11.119347664936985,17.710092597188144,4.898530440867743,30.46956184411784,39652.0,4.389217430654939e-07,5.058139031957794,6.622761579619025e-07,0.4748006135808384,1.2070347934301082e-06,True,Women pay more
Myntra,Adult,Apparel,Sweaters,174,283,2299.0,2499.0,3164.9540229885056,2631.7773851590105,8.699434536755103,-16.84626803286209,0.0,16.313707237607634,24359.0,0.8485734382872581,-1.6706074644837738,0.09586370226062031,-0.17175871735096207,0.8683077042939384,False,No significant gap
BigBasket,Adult,Personal Care,Deodorant,329,171,279.0,299.0,379.6808510638298,619.859649122807,7.168458781362008,63.25807514021815,0.0,34.45340501792089,31288.5,0.03905779918296987,3.5037547441445738,0.0005387225650443362,0.36544079911412725,0.05993938562595824,False,No significant gap
Myntra,Adult,Accessories,Wallets,507,735,1699.0,1799.0,1942.3392504930966,2147.6272108843536,5.885815185403187,10.56910940450495,-3.373356203544886,12.507817385866172,181385.5,0.4265660147912257,0.7067572227865883,0.4798505505753388,0.03857028004505577,0.4939185434424718,False,No significant gap
Myntra,Adult,Footwear,Sports Shoes,1988,882,2095.0,2199.0,2861.9386317907447,3382.5873015873017,4.964200477326974,18.19216750538015,-4.764173415912342,29.814907453726857,946807.0,0.0006138685628388695,3.8763145169804836,0.00011059867640329274,0.16479968824571667,0.001227737125677739,True,Women pay more
Amazon.in,Adult,Personal Care,Shampoo,60,25,522.0,539.0,788.3666666666667,599.44,3.256704980842917,-23.96431440531055,-29.872495446265933,33.26288675117861,703.5,0.6570600370681126,-1.1230713559939642,0.26655896077413344,-0.2509344763074511,0.7051376007560233,False,No significant gap
BigBasket,Adult,Personal Care,Perfume,140,96,1297.0,1300.0,1737.9,1699.71875,0.23130300693909867,-2.196976235686754,-29.64797307497201,62.703379224030044,6964.0,0.6358250158862343,0.7762204006893317,0.4384253410656051,0.09895226439395147,0.7051376007560233,False,No significant gap
Myntra,Kids,Apparel,Kurta Sets,151,205,2499.0,2499.0,2502.9139072847684,2614.653658536585,0.0,4.464386526703801,-8.003201280512206,15.562472209871059,16447.0,0.311746233074102,0.973572398326752,0.33097601916725794,0.10352852603811769,0.37072525014217533,False,No significant gap
Amazon.in,Adult,Personal Care,Deodorant,766,377,349.0,349.0,563.7932898172324,497.7337400530504,0.0,-11.716980488646279,-5.420054200542001,0.0,134702.0,0.06465035715560326,-2.1874197392744454,0.02900206504251952,-0.13441510066610696,0.0917617972531143,False,No significant gap
Myntra,Adult,Apparel,Kurtas,792,6023,1999.0,1996.0,2143.746212121212,2184.5274780009963,-0.15007503751875984,1.9023364635794238,-5.002501250625313,0.0,2287411.5,0.060362243013293196,-1.5906381094995032,0.1119692203886493,-0.05106996031822304,0.08853128975283003,False,No significant gap
Myntra,Kids,Apparel,Track Pants,206,76,1340.0,1299.0,1478.1796116504854,1242.8684210526317,-3.0597014925373145,-15.918984996357322,-25.017869907076484,4.402985074626864,6392.0,0.018010691800430575,-3.088315664642178,0.002530629485729241,-0.4556849629914579,0.03047963227765174,True,Men pay more
Myntra,Kids,Apparel,Jeans,234,125,1699.0,1599.0,1599.525641025641,1546.352,-5.885815185403176,-3.3243381451231513,-5.885815185403176,5.885815185403187,14379.0,0.792702251631709,-1.184591282882093,0.2374464273742897,-0.1375726209154027,0.8304499778998856,False,No significant gap
Myntra,Adult,Apparel,Shorts,1533,805,1599.0,1499.0,1719.9921722113502,1576.7142857142858,-6.253908692933086,-8.330147590896054,-6.253908692933086,-6.253908692933086,555633.5,7.389452091746581e-05,-4.445118533565539,9.390040632975888e-06,-0.19508195474457712,0.00017112415370360503,True,Men pay more
Myntra,Kids,Apparel,Shorts,432,194,1199.0,1099.0,1228.111111111111,1100.9072164948454,-8.340283569641372,-10.35768616254764,-20.016012810248196,11.122294664231468,37600.0,0.03950550416256338,-2.257267104176713,0.0245795350606064,-0.19625179296741238,0.05993938562595824,False,No significant gap
Myntra,Adult,Apparel,Shirts,9282,922,2099.0,1899.0,2187.8919413919416,2117.941431670282,-9.528346831824674,-3.197164741013536,-14.292520247737016,-9.42710814673683,3765095.0,1.645587929675954e-09,-4.067356421281958,5.1056658058891436e-05,-0.1571714621374259,6.582351718703816e-09,True,Men pay more
Myntra,Adult,Apparel,Track Pants,1885,910,1899.0,1698.0,2147.3167108753314,1785.9901098901098,-10.584518167456558,-16.826889073011053,-15.797788309636651,-10.531858873091105,664002.5,3.0898184998799674e-22,-9.812192796049493,3.3597309055534244e-22,-0.38883193927795745,1.9421716284959795e-21,True,Men pay more
Amazon.in,Adult,Personal Care,Perfume,2238,1378,959.5,849.0,1401.513020554066,1776.0658345428155,-11.516414799374674,26.724890064929685,-19.25316709285886,-1.2735933689045797,1503097.5,0.20202290521828947,0.7528204370083876,0.4516300557487389,0.02712712052146635,0.24920056086050002,False,No significant gap
Myntra,Adult,Apparel,Jeans,3946,2621,2599.0,2299.0,2862.361378611252,2555.357115604731,-11.542901115813775,-10.725559158972164,-11.542901115813775,-8.040000000000003,4364983.0,7.803074767103344e-27,-11.082393753656392,2.8962589542082986e-28,-0.2748486512272087,5.722254829209119e-26,True,Men pay more
Amazon.in,Adult,Personal Care,Trimmer,356,151,999.0,878.0,1299.2714325842696,1041.7836423841059,-12.112112112112117,-19.817859743750144,-25.025025025025027,-2.3687933198714872,22012.0,0.0012103122688911362,-3.380966743595849,0.0008114997979006604,-0.310963015300541,0.002315379992661304,True,Men pay more
Myntra,Adult,Accessories,Watches,1119,1273,5999.0,5200.0,9102.140303842716,6998.482325216025,-13.318886481080183,-23.111684817015778,-29.015765014081417,-0.9555444754686948,648885.5,0.00017037529226424962,-4.181853203479824,3.0045032961444857e-05,-0.17316687430382374,0.00037482564298134917,True,Men pay more
Myntra,Kids,Apparel,Sweatshirts,87,51,1499.0,1299.0,1421.0804597701149,1424.764705882353,-13.342228152101399,0.2592566864816348,-13.342228152101399,7.6982294072363455,2115.0,0.6474387393446569,0.003237594403028764,0.9974227979936677,0.0005669625704546981,0.7051376007560233,False,No significant gap
Myntra,Kids,Apparel,Trousers,117,63,1299.0,1099.0,1262.6837606837607,1292.6507936507937,-15.39645881447267,2.373280935426414,-28.591851322373117,30.03003003003002,3719.5,0.919763537668404,0.09476942127486067,0.924657626700104,0.015161490309273174,0.919763537668404,False,No significant gap
Myntra,Adult,Footwear,Flip-Flops,1014,845,1199.0,999.0,1341.6577909270218,1233.5668639053254,-16.680567139282733,-8.05651990788282,-23.094688221709003,8.744313011828897,399416.5,0.011642696167268526,-2.360158359002605,0.01837089768402907,-0.10903055500830264,0.020491145254392603,True,Men pay more
Amazon.in,Adult,Personal Care,Razor,157,83,599.0,498.0,1001.267643312102,671.281204819277,-16.86143572621035,-32.95686629813183,-42.836676217765046,-6.6777963272120155,4449.5,5.236160876034192e-05,-3.6152396616733515,0.0003927693722253186,-0.483641047878766,0.00012799504363639134,True,Men pay more
Myntra,Adult,Apparel,Trousers,2750,2128,2299.0,1899.0,2415.086181818182,2026.4938909774437,-17.398869073510227,-16.090203892773268,-21.748586341887776,-17.398869073510227,1994980.0,2.4904486560807705e-81,-18.70601312096023,7.735182842484068e-75,-0.5579916008962669,5.478987043377695e-80,True,Men pay more
Myntra,Adult,Apparel,Lounge Pants,189,399,1290.0,1049.0,1314.2010582010582,1221.1203007518798,-18.682170542635657,-7.082687756817963,-23.094688221709003,-8.673894912427027,32550.5,0.007296789672139575,-2.9863202222167904,0.0029866296326591896,-0.2495272963566226,0.013377447732255889,True,Men pay more
Myntra,Adult,Apparel,Sweatshirts,673,370,2299.0,1849.0,2709.2704309063893,2023.8405405405406,-19.573727707698996,-25.299426832652415,-25.010421008753646,-13.049151805132663,81890.5,4.8627532661074474e-20,-9.861498179391274,7.281383991423506e-22,-0.5980830300304224,2.674514296359096e-19,True,Men pay more
Myntra,Adult,Apparel,Socks,268,84,499.0,399.0,544.8134328358209,485.7857142857143,-20.040080160320638,-10.834482961049641,-30.06012024048096,-8.016032064128254,7962.5,4.961238633012333e-05,-3.0244203319318714,0.003055293741315737,-0.423782681460282,0.00012799504363639134,True,Men pay more
Myntra,Adult,Apparel,Night Suits,90,1351,2399.0,1899.0,2416.5444444444443,1968.4448556624723,-20.842017507294706,-18.542989755977302,-28.581636298678102,-9.318181818181815,39277.5,1.751962891646653e-08,-6.905672288048929,3.646916904009151e-10,-0.6307895867250384,5.5061690880323374e-08,True,Men pay more
Myntra,Adult,Apparel,Tracksuits,78,74,3995.0,3149.0,3978.948717948718,3213.7297297297296,-21.176470588235297,-19.23168762560691,-25.337430706194265,3.897116134060785,1886.5,0.0002162354352354183,-4.934743152629262,2.5054521377419817e-06,-0.8092818555240221,0.0004530647214456383,True,Men pay more
Myntra,Kids,Apparel,T-Shirts,997,481,899.0,699.0,1060.9478435305919,774.5239085239085,-22.246941045606228,-26.996985455338685,-30.03003003003003,-16.68520578420467,177115.0,3.254803232616469e-16,-7.238273235853492,8.610299926096763e-13,-0.3823512339202692,1.5912371359458292e-15,True,Men pay more
Myntra,Adult,Apparel,T-Shirts,9383,3778,1299.0,999.0,1425.5288287328146,1140.432768660667,-23.094688221709003,-19.99931915270883,-23.094688221709003,-23.094688221709003,13222124.5,1.0706045691935139e-115,-23.782202786154254,1.823877271908368e-120,-0.4492422241305845,4.710660104451461e-114,True,Men pay more
Myntra,Adult,Footwear,Casual Shoes,3287,1066,3299.0,2490.0,3614.7550958320658,2986.1163227016887,-24.522582600788123,-17.390909106268882,-30.940222288975672,-24.249772658381332,1282715.0,1.4019108597627984e-39,-11.83856033557031,5.003277931365097e-31,-0.45992790408339573,1.5421019457390783e-38,True,Men pay more
Myntra,Adult,Apparel,Jackets,1055,814,3999.0,2999.0,4945.825592417062,3602.1805896805895,-25.006251562890725,-27.167254033311416,-28.580415294223382,-20.00500125031258,274964.5,1.0550794509684452e-40,-12.767235780863459,8.631222512104107e-36,-0.5914946772295588,1.5474498614203865e-39,True,Men pay more
Myntra,Adult,Accessories,Sunglasses,100,119,2949.0,1995.0,3742.1,2517.5798319327732,-32.34994913530011,-32.72280719561815,-38.96236012207528,-26.561351947097723,3269.0,9.344454589719973e-09,-5.1276859183118315,6.863500041645433e-07,-0.7019310310652918,3.162738476520606e-08,True,Men pay more
Myntra,Adult,Apparel,Blazers,356,143,6995.0,4499.0,6795.651685393258,5044.776223776224,-35.68263045032166,-25.76464396167346,-42.86326618088299,-17.09792709077913,14181.5,5.5987881067114305e-15,-9.314890498474602,8.864759626008502e-17,-1.2664692749736142,2.4634667669530295e-14,True,Men pay more
Myntra,Adult,Accessories,Belts,564,250,1999.0,1147.0,2047.3315602836878,1404.624,-42.62131065532766,-31.392451166758317,-50.025012506253134,-35.01750875437719,31017.5,1.9016078876146018e-37,-12.761640177942589,2.916812680241324e-31,-1.0813382643024607,1.6734149411008496e-36,True,Men pay more
Amazon.in,Adult,Personal Care,Hair Removal Cream,16,25,594.0,270.0,568.75,410.36800000000005,-54.54545454545454,-27.847384615384605,-77.14285714285715,53.103448275862064,152.0,0.20389136797677276,-1.3917025571146568,0.17351829319232698,-0.44474416527242056,0.24920056086050002,False,No significant gap
