model,n_products,n_groups,n_brands,coef_female,se_cluster,premium_pct,ci_low_pct,ci_high_pct,p_value
Adults: within category,74669,34,2591,-0.12721385742144328,0.02970889687608033,-11.94546586963028,-16.926405912113363,-6.665877815354615,1.8521086549778067e-05
Adults: within brand x category,34801,1065,560,-0.08015139273257453,0.01147458234982136,-7.7023396141259415,-9.754962292593895,-5.603030048852964,2.8460234708179687e-12
Apparel: within brand x category,22210,480,172,-0.08994184068646546,0.01608664387809734,-8.601565957269997,-11.438385102516913,-5.67387738882934,2.2565124453474282e-08
Footwear: within brand x category,5397,159,108,-0.11078436225992201,0.02984188008591648,-10.486824769298353,-15.572283793995323,-5.095045798331965,0.00020532040789701138
Accessories: within brand x category,3006,80,70,0.0044221940137152424,0.049157045311043195,0.44319863428683437,-8.782700080375305,10.602223051729066,0.928318577446226
Personal Care: within brand x category,4188,346,269,-0.06035725959000149,0.026480188366129535,-5.857186073327158,-10.618675942118582,-0.8420438223454507,0.02264707051612155
Kids: within category,4462,10,260,-0.04929484295350045,0.05598571281452989,-4.809957281443033,-14.702653520559306,6.230083428734989,0.37859408763779523
Kids: within brand x category,2948,178,87,-0.05602485092364706,0.03027919982661055,-5.448436133850998,-10.896545621596776,0.3327905960660349,0.06427390275130486
Personal care Rs/100ml: within brand x category,2934,236,195,0.011725464229755444,0.02431680777416012,1.179447695710878,-3.529746495990893,6.118521141686983,0.6296668119213955
