category_key,source,age_group,segment,category
Amazon.in | Adult | Body Wash,Amazon.in,Adult,Personal Care,Body Wash
Amazon.in | Adult | Deodorant,Amazon.in,Adult,Personal Care,Deodorant
Amazon.in | Adult | Face Wash,Amazon.in,Adult,Personal Care,Face Wash
Amazon.in | Adult | Hair Removal Cream,Amazon.in,Adult,Personal Care,Hair Removal Cream
Amazon.in | Adult | Perfume,Amazon.in,Adult,Personal Care,Perfume
Amazon.in | Adult | Razor,Amazon.in,Adult,Personal Care,Razor
Amazon.in | Adult | Shampoo,Amazon.in,Adult,Personal Care,Shampoo
Amazon.in | Adult | Trimmer,Amazon.in,Adult,Personal Care,Trimmer
BigBasket | Adult | Deodorant,BigBasket,Adult,Personal Care,Deodorant
BigBasket | Adult | Perfume,BigBasket,Adult,Personal Care,Perfume
Myntra | Adult | Belts,Myntra,Adult,Accessories,Belts
Myntra | Adult | Blazers,Myntra,Adult,Apparel,Blazers
Myntra | Adult | Casual Shoes,Myntra,Adult,Footwear,Casual Shoes
Myntra | Adult | Flip-Flops,Myntra,Adult,Footwear,Flip-Flops
Myntra | Adult | Innerwear (Briefs),Myntra,Adult,Apparel,Innerwear (Briefs)
Myntra | Adult | Jackets,Myntra,Adult,Apparel,Jackets
Myntra | Adult | Jeans,Myntra,Adult,Apparel,Jeans
Myntra | Adult | Kurtas,Myntra,Adult,Apparel,Kurtas
Myntra | Adult | Lounge Pants,Myntra,Adult,Apparel,Lounge Pants
Myntra | Adult | Night Suits,Myntra,Adult,Apparel,Night Suits
Myntra | Adult | Perfume,Myntra,Adult,Personal Care,Perfume
Myntra | Adult | Shirts,Myntra,Adult,Apparel,Shirts
Myntra | Adult | Shorts,Myntra,Adult,Apparel,Shorts
Myntra | Adult | Socks,Myntra,Adult,Apparel,Socks
Myntra | Adult | Sports Shoes,Myntra,Adult,Footwear,Sports Shoes
Myntra | Adult | Sunglasses,Myntra,Adult,Accessories,Sunglasses
Myntra | Adult | Sweaters,Myntra,Adult,Apparel,Sweaters
Myntra | Adult | Sweatshirts,Myntra,Adult,Apparel,Sweatshirts
Myntra | Adult | T-Shirts,Myntra,Adult,Apparel,T-Shirts
Myntra | Adult | Track Pants,Myntra,Adult,Apparel,Track Pants
Myntra | Adult | Tracksuits,Myntra,Adult,Apparel,Tracksuits
Myntra | Adult | Trousers,Myntra,Adult,Apparel,Trousers
Myntra | Adult | Wallets,Myntra,Adult,Accessories,Wallets
Myntra | Adult | Watches,Myntra,Adult,Accessories,Watches
Myntra | Kids | Casual Shoes,Myntra,Kids,Footwear,Casual Shoes
Myntra | Kids | Clothing Sets,Myntra,Kids,Apparel,Clothing Sets
Myntra | Kids | Jeans,Myntra,Kids,Apparel,Jeans
Myntra | Kids | Kurta Sets,Myntra,Kids,Apparel,Kurta Sets
Myntra | Kids | Night Suits,Myntra,Kids,Apparel,Night Suits
Myntra | Kids | Shorts,Myntra,Kids,Apparel,Shorts
Myntra | Kids | Sweatshirts,Myntra,Kids,Apparel,Sweatshirts
Myntra | Kids | T-Shirts,Myntra,Kids,Apparel,T-Shirts
Myntra | Kids | Track Pants,Myntra,Kids,Apparel,Track Pants
Myntra | Kids | Trousers,Myntra,Kids,Apparel,Trousers
